{
    "@class": "com.kony.gen.viz.model.component.KVizButton",
    "DNDConfig": null,
    "__parentReadjusting__": false,
    "_height_": {
        "type": "string",
        "value": "100%"
    },
    "_margin_": [
        6,
        6,
        6,
        6
    ],
    "_padding_": [
        0,
        0,
        0,
        0
    ],
    "_right_": {
        "type": "string",
        "value": "0%"
    },
    "_skin_": "s1b10918b0144739b6a3da44b572fc8f",
    "_text_": "Yes",
    "_top_": {
        "type": "string",
        "value": "0%"
    },
    "_width_": {
        "type": "string",
        "value": "50%"
    },
    "canUpdateUI": true,
    "containerweight": 100,
    "contentalignment": 5,
    "displaytext": true,
    "focusskin": "sfd04d280b7449038791d1916518c25f",
    "id": "btnPopupYes",
    "ide_onClick": "AS_Button_c607279a3bd6457481b5fee1194aa22c",
    "info": null,
    "isvisible": true,
    "kuid": "ddf2264406f24ddba2e847463b7b9123",
    "name": "kony.ui.Button",
    "parent": "flxPopupUserActions",
    "pf": "Form1",
    "wType": "Button",
    "zindex": 1
}