{
    "@class": "com.kony.gen.viz.model.component.KVizLabel",
    "DNDConfig": null,
    "__parentReadjusting__": false,
    "_height_": {
        "type": "ref",
        "value": "preferred"
    },
    "_left_": {
        "type": "string",
        "value": "4%"
    },
    "_margin_": [
        1,
        1,
        1,
        1
    ],
    "_padding_": [
        0,
        0,
        0,
        0
    ],
    "_skin_": "s047992d406947fb986523c9c1da6732",
    "_text_": "Barcode Scanner needs to install zxing barcode scanner. you want to install app now ?",
    "_top_": {
        "type": "string",
        "value": "35%"
    },
    "_width_": {
        "type": "string",
        "value": "92%"
    },
    "_wrapping_": 2,
    "android": {
        "textStyle": {
            "letterSpacing": 0,
            "strikeThrough": false
        }
    },
    "canUpdateUI": true,
    "containerweight": 100,
    "contentalignment": 4,
    "id": "lblPopupMessage",
    "info": null,
    "ipad": {
        "psp": {
            "wrapping": 2
        }
    },
    "iphone": {
        "psp": {
            "wrapping": 2
        }
    },
    "isvisible": true,
    "kuid": "ada9e954fc3545b1a51ecd65a3071b78",
    "name": "kony.ui.Label",
    "parent": "flxInstallBarcode",
    "pf": "Form1",
    "tooltip": "",
    "wType": "Label",
    "zindex": 1
}