{
    "android": {
        "font_name": "roboto.regular",
        "font_size": 129,
        "isForked": true
    },
    "background_color": "fd6461ff",
    "bg_type": "one",
    "border_color": "fd6461ff",
    "border_radius": 4,
    "border_style": "custom",
    "border_type": 0,
    "border_width": 1,
    "desktopweb": {
        "background_color": "fd6461ff",
        "bg_type": "one",
        "border_type": 0,
        "bottom_left_border_color": "fd6461ff",
        "bottom_left_border_radius": "12",
        "bottom_left_border_style": "rc",
        "bottom_left_border_width": "1",
        "bottom_right_border_color": "fd6461ff",
        "bottom_right_border_radius": "12",
        "bottom_right_border_style": "rc",
        "bottom_right_border_width": "1",
        "font_size": 129,
        "isForked": true,
        "shadow": {
            "br": 0,
            "color": "000000ff",
            "inner": false,
            "nm": 0,
            "x": 0,
            "y": 0
        },
        "text_shadow": {
            "br": 0,
            "color": "000000ff",
            "nm": 0,
            "x": 0,
            "y": 0
        },
        "top_left_border_color": "fd6461ff",
        "top_left_border_radius": "12",
        "top_left_border_style": "rc",
        "top_left_border_width": "1",
        "top_right_border_color": "fd6461ff",
        "top_right_border_radius": "12",
        "top_right_border_style": "rc",
        "top_right_border_width": "1"
    },
    "fontSizeInPx": false,
    "font_color": "ffffffff",
    "font_name": "Helvetica",
    "font_size": 129,
    "font_style": "normal",
    "font_weight": "normal",
    "ipad": {
        "background_color": "fd6461ff",
        "bg_type": "one",
        "border_color": "fd646100",
        "border_radius": 12,
        "border_style": "custom",
        "border_type": 0,
        "border_width": 1,
        "font_name": "SFUIText-Regular",
        "font_size": 129,
        "isForked": true,
        "text_shadow": {
            "br": 0,
            "color": "000000ff",
            "nm": 0,
            "x": 0,
            "y": 0
        }
    },
    "iphone": {
        "background_color": "fd6461ff",
        "bg_type": "one",
        "border_color": "fd646100",
        "border_radius": 12,
        "border_style": "custom",
        "border_type": 0,
        "border_width": 1,
        "font_name": "SFUIText-Regular",
        "font_size": 129,
        "isForked": true,
        "text_shadow": {
            "br": 0,
            "color": "000000ff",
            "nm": 0,
            "x": 0,
            "y": 0
        }
    },
    "isDefaultSkin": false,
    "kiosk": {
        "background_color": "fd6461ff",
        "bg_type": "one",
        "border_color": "fd646100",
        "border_radius": 12,
        "border_style": "custom",
        "border_type": 0,
        "border_width": 1,
        "font_size": 129,
        "isForked": true
    },
    "kuid": "s41e1e26ebbf4ee9a59d1df7f453248f",
    "spaan": {
        "border_type": 0,
        "bottom_left_border_color": "fd6461ff",
        "bottom_left_border_radius": "12",
        "bottom_left_border_style": "rc",
        "bottom_left_border_width": "1",
        "bottom_right_border_color": "fd6461ff",
        "bottom_right_border_radius": "12",
        "bottom_right_border_style": "rc",
        "bottom_right_border_width": "1",
        "font_name": "roboto.regular",
        "font_size": 129,
        "isForked": true,
        "shadow": {
            "br": 0,
            "color": "000000ff",
            "inner": false,
            "nm": 0,
            "x": 0,
            "y": 0
        },
        "top_left_border_color": "fd6461ff",
        "top_left_border_radius": "12",
        "top_left_border_style": "rc",
        "top_left_border_width": "1",
        "top_right_border_color": "fd6461ff",
        "top_right_border_radius": "12",
        "top_right_border_style": "rc",
        "top_right_border_width": "1"
    },
    "spaandroidtablet": {
        "background_color": "fd6461ff",
        "bg_type": "one",
        "border_type": 0,
        "bottom_left_border_color": "fd6461ff",
        "bottom_left_border_radius": "12",
        "bottom_left_border_style": "rc",
        "bottom_left_border_width": "1",
        "bottom_right_border_color": "fd6461ff",
        "bottom_right_border_radius": "12",
        "bottom_right_border_style": "rc",
        "bottom_right_border_width": "1",
        "font_name": "roboto.regular",
        "font_size": 129,
        "isForked": true,
        "shadow": {
            "br": 0,
            "color": "000000ff",
            "inner": false,
            "nm": 0,
            "x": 0,
            "y": 0
        },
        "text_shadow": {
            "br": 0,
            "color": "000000ff",
            "nm": 0,
            "x": 0,
            "y": 0
        },
        "top_left_border_color": "fd6461ff",
        "top_left_border_radius": "12",
        "top_left_border_style": "rc",
        "top_left_border_width": "1",
        "top_right_border_color": "fd6461ff",
        "top_right_border_radius": "12",
        "top_right_border_style": "rc",
        "top_right_border_width": "1"
    },
    "spabb": {
        "background_color": "fd6461ff",
        "bg_type": "one",
        "border_color": "fd646100",
        "border_radius": 12,
        "border_style": "custom",
        "border_type": 0,
        "border_width": 1,
        "bottom_left_border_color": "ffffffff",
        "bottom_left_border_style": "plain",
        "bottom_left_border_width": 0,
        "bottom_right_border_color": "ffffffff",
        "bottom_right_border_style": "plain",
        "bottom_right_border_width": 0,
        "font_size": 129,
        "isForked": true,
        "top_left_border_color": "ffffffff",
        "top_left_border_style": "plain",
        "top_left_border_width": 0,
        "top_right_border_color": "ffffffff",
        "top_right_border_style": "plain",
        "top_right_border_width": 0
    },
    "spaip": {
        "background_color": "fd6461ff",
        "bg_type": "one",
        "border_type": 0,
        "bottom_left_border_color": "fd6461ff",
        "bottom_left_border_radius": "12",
        "bottom_left_border_style": "rc",
        "bottom_left_border_width": "1",
        "bottom_right_border_color": "fd6461ff",
        "bottom_right_border_radius": "12",
        "bottom_right_border_style": "rc",
        "bottom_right_border_width": "1",
        "font_name": "SFUIText-Regular",
        "font_size": 129,
        "isForked": true,
        "shadow": {
            "br": 0,
            "color": "000000ff",
            "inner": false,
            "nm": 0,
            "x": 0,
            "y": 0
        },
        "text_shadow": {
            "br": 0,
            "color": "000000ff",
            "nm": 0,
            "x": 0,
            "y": 0
        },
        "top_left_border_color": "fd6461ff",
        "top_left_border_radius": "12",
        "top_left_border_style": "rc",
        "top_left_border_width": "1",
        "top_right_border_color": "fd6461ff",
        "top_right_border_radius": "12",
        "top_right_border_style": "rc",
        "top_right_border_width": "1"
    },
    "spaipad": {
        "background_color": "fd6461ff",
        "bg_type": "one",
        "border_type": 0,
        "bottom_left_border_color": "fd6461ff",
        "bottom_left_border_radius": "12",
        "bottom_left_border_style": "rc",
        "bottom_left_border_width": "1",
        "bottom_right_border_color": "fd6461ff",
        "bottom_right_border_radius": "12",
        "bottom_right_border_style": "rc",
        "bottom_right_border_width": "1",
        "font_name": "SFUIText-Regular",
        "font_size": 129,
        "isForked": true,
        "shadow": {
            "br": 0,
            "color": "000000ff",
            "inner": false,
            "nm": 0,
            "x": 0,
            "y": 0
        },
        "text_shadow": {
            "br": 0,
            "color": "000000ff",
            "nm": 0,
            "x": 0,
            "y": 0
        },
        "top_left_border_color": "fd6461ff",
        "top_left_border_radius": "12",
        "top_left_border_style": "rc",
        "top_left_border_width": "1",
        "top_right_border_color": "fd6461ff",
        "top_right_border_radius": "12",
        "top_right_border_style": "rc",
        "top_right_border_width": "1"
    },
    "spawindowstablet": {
        "background_color": "fd6461ff",
        "bg_type": "one",
        "border_type": 0,
        "bottom_left_border_color": "fd6461ff",
        "bottom_left_border_radius": "12",
        "bottom_left_border_style": "rc",
        "bottom_left_border_width": "1",
        "bottom_right_border_color": "fd6461ff",
        "bottom_right_border_radius": "12",
        "bottom_right_border_style": "rc",
        "bottom_right_border_width": "1",
        "font_size": 129,
        "isForked": true,
        "shadow": {
            "br": 0,
            "color": "000000ff",
            "inner": false,
            "nm": 0,
            "x": 0,
            "y": 0
        },
        "text_shadow": {
            "br": 0,
            "color": "000000ff",
            "nm": 0,
            "x": 0,
            "y": 0
        },
        "top_left_border_color": "fd6461ff",
        "top_left_border_radius": "12",
        "top_left_border_style": "rc",
        "top_left_border_width": "1",
        "top_right_border_color": "fd6461ff",
        "top_right_border_radius": "12",
        "top_right_border_style": "rc",
        "top_right_border_width": "1"
    },
    "spawinphone8": {
        "background_color": "fd6461ff",
        "bg_type": "one",
        "border_type": 0,
        "bottom_left_border_color": "fd6461ff",
        "bottom_left_border_radius": "12",
        "bottom_left_border_style": "rc",
        "bottom_left_border_width": "1",
        "bottom_right_border_color": "fd6461ff",
        "bottom_right_border_radius": "12",
        "bottom_right_border_style": "rc",
        "bottom_right_border_width": "1",
        "font_size": 129,
        "isForked": true,
        "shadow": {
            "br": 0,
            "color": "000000ff",
            "inner": false,
            "nm": 0,
            "x": 0,
            "y": 0
        },
        "text_shadow": {
            "br": 0,
            "color": "000000ff",
            "nm": 0,
            "x": 0,
            "y": 0
        },
        "top_left_border_color": "fd6461ff",
        "top_left_border_radius": "12",
        "top_left_border_style": "rc",
        "top_left_border_width": "1",
        "top_right_border_color": "fd6461ff",
        "top_right_border_radius": "12",
        "top_right_border_style": "rc",
        "top_right_border_width": "1"
    },
    "tabrcandroid": {
        "background_color": "fd6461ff",
        "bg_type": "one",
        "border_color": "fd646100",
        "border_style": "custom",
        "border_type": 0,
        "border_width": 1,
        "bottom_left_border_radius": 12,
        "bottom_right_border_radius": 12,
        "font_name": "roboto.regular",
        "font_size": 129,
        "isForked": true,
        "text_shadow": {
            "br": 0,
            "color": "000000ff",
            "nm": 0,
            "x": 0,
            "y": 0
        },
        "top_left_border_radius": 12,
        "top_right_border_radius": 12
    },
    "wType": "Button",
    "watchos": {
        "font_size": 129,
        "isForked": false
    },
    "windows8": {
        "background_color": "fd6461ff",
        "bg_type": "one",
        "border_color": "fd646100",
        "border_style": "custom",
        "border_type": 0,
        "border_width": 1,
        "bottom_left_border_radius": 12,
        "bottom_right_border_radius": 12,
        "font_size": 129,
        "isForked": true,
        "top_left_border_radius": 12,
        "top_right_border_radius": 12
    },
    "winphone8": {
        "background_color": "fd6461ff",
        "bg_type": "one",
        "border_color": "fd646100",
        "border_style": "custom",
        "border_type": 0,
        "border_width": 1,
        "bottom_left_border_radius": 12,
        "bottom_right_border_radius": 12,
        "font_size": 129,
        "isForked": true,
        "top_left_border_radius": 12,
        "top_right_border_radius": 12
    }
}