{
    "DNDConfig": null,
    "__parentReadjusting__": false,
    "_height_": {
        "type": "string",
        "value": "60dp"
    },
    "_left_": {
        "type": "string",
        "value": "0dp"
    },
    "_margin_": [
        0,
        0,
        0,
        0
    ],
    "_orientation_": 6,
    "_padding_": [
        0,
        0,
        0,
        0
    ],
    "_percent_": true,
    "_skin_": "sffb31c3cb11415db366ab087d184568",
    "_top_": {
        "type": "string",
        "value": "5dp"
    },
    "_width_": {
        "type": "string",
        "value": "100%"
    },
    "allboxes": [],
    "android": {
        "height": {
            "type": "string",
            "value": "45dp"
        }
    },
    "canUpdateUI": true,
    "centery": {
        "type": "string",
        "value": "75%"
    },
    "children": [
        "ButtonRound"
    ],
    "clipbounds": true,
    "containerweight": 100,
    "enablescrolling": true,
    "id": "PaddedButtonRound",
    "info": null,
    "isvisible": true,
    "kuid": "f3c5f51c01bb49658af9ac4e904e8e66",
    "layouttype": 2,
    "masterType": 1,
    "name": "kony.ui.FlexContainer",
    "parent": "Form1",
    "pf": "Form1",
    "snapgridsize": 10,
    "snaptogrid": true,
    "spa": {},
    "wType": "FlexContainer",
    "widgetalignment": 1,
    "zindex": 1
}